Location,Yuma Southgate Goodwill Retail Store and Donation Center,Yuma Southgate - Goodwill - Career Center,Yuma Frontage - Goodwill - Retail Store and Donation Center,Goodwill - Retail Store and Donation Center,Willow Lake - Goodwill - Retail Store and Donation Center,Brown & Higley Rd Goodwill Retail Store and Donation Center,Wickenburg - Goodwill - Retail Store and Donation Center,Warner & McQueen,Val Vista & Warner,Val Vista & Southern ,Union Hills Donation Center,3rd St & Bell Goodwill Retail Store and Donation Center,75th and McDowell - Goodwill - Retail Store and Donation Center,Thunderbird and Dysart,Tatum and Dynamite,Stapley ,Sundome,Southern & Country Club,Signal Butte & Guadalupe,Show Low,Sedona,Scottsdale & Thunderbird ,Scottsdale & Oak,San Luis,Queen Creek & Higley,Priest and Elliot,Goodwill Clearance Center Arizona Ave & Ray,Prescott Valley,Chino Valley - Goodwill - Donation Center,Country Club & Brown Goodwill Retail Store and Donation Center,35th & Union Goodwill Retail Store and Donation Center,303 & Bell Rd Goodwill Retail Store and Donation Center,Power and Ray,Power and McDowell ,Power & Baseline,Pinnacle Peak,Pinetop,Pebble Creek,Payson ,Papago,Milton,Melrose,McKellips ,McClintock and Southern ,Maricopa,Main St ,Main and Recker ,Litchfield and Van Buren,Lake Havasu City,Kyrene and Warner ,Kingman ,Jackrabbit,Iron Springs ,Hayden and Raintree,Guadalupe and Rural,Guadalupe & Dobson,Greenfield and University,Grayhawk ,"Goodwill Retail Store, Donation Center, and Veteran Career Center",Yuma & Sarival,Goodwill Retail Store and Donation Center,Goodwill Retail Store and Donation Center,Goodwill Retail Store and Donation Center,Goodwill Retail Store and Donation Center,Goodwill Retail Store and Donation Center,Goodwill Retail Store and Donation Center,Goodwill Retail Store and Donation Center,Goodwill Retail Store and Donation Center,Goodwill Donation Center,Goodwill Corporate Center,Goodwill Clearance Center,"Goodwill - Retail Store, Donation Center and Career Center",Goodwill - Retail Store and Donation Center,Goodwill - Retail Store and Donation Center,Goodwill - Retail Store and Donation Center,Goodwill - Retail Store and Donation Center,Goodwill - Retail Store and Donation Center,Goodwill - Retail Store and Donation Center,Goodwill - Retail Store & Donation Center,Goodwill,Goodwill,Goodwill,Gilbert and University,Gilbert & Ocotillo,Gary & Hunt,Gantzel Rd & Ocotillo Rd ,Frank Lloyd Wright,Fort Mohave,Flagstaff Route 66,Flagstaff,Ellsworth and Rittenhouse,Dysart & Camelback - Goodwill - Retail Store and Donation Center (Litchfield Park),Dunlap and I17 ,Cottonwood Hwy 89,Cooper,Cactus & Reems ,Cactus ,Bullhead City,Bethany East,Arizona Ave & Riggs ,Apache Trail,Apache Trail,Anthem,Alma School & Ray,Alma School & Queen Creek,99th and Camelback,99th & Lower Buckeye,91st and Northern,83rd Ave and Grand,75th and Thomas,67th Ave and Peoria,64th & Greenway,48th St & Ray,40th St and Thunderbird,35th Ave and Peoria,35th Ave & Southern,32nd St & Chandler,27th Drive and Carefree Highway,19th Ave and Baseline,19th and Union Hills ,101 and Thunderbird,75th Ave & Glendale Ave Goodwill Retail Store and Donation Center
Phone,928-343-7629,928-343-7600,(928) 343-7630,(602) 216-3912,(928) 717-5298,(602) 216-3945,(928) 415-1070,480-530-4712,(480) 398-7655,(480) 530-4701,(602) 216-3936,(602) 216-3943,(602) 698-1929,(602) 216-3905,(480) 404-9916,(480) 530-4732,(602) 216-3907,(480) 530-4722,(480) 530-4727,(928) 251-2195,(928) 635-7091,(480) 483-5087,(480) 398-7644,(928) 343-7628,(480) 398-7652,(480) 398-7651,(480) 398-7659,(928) 717-5297,(928) 717-5306,(480) 530-4738,(602) 698-1937,(602) 698-1935,(480) 530-4702,(480) 398-7648,(480) 530-4703,(602) 216-3904,(928) 358-1071,(602) 216-3913,(928) 238-7012,(602) 535-4484,(928) 556-5123,(602) 216-3911,(480) 530-4721,(480) 659-7443,(520) 348-7585,(480) 530-4733,(480) 530-4725,(602) 216-3919,(928) 466-7017,"(480) 893-7575 - Primary
(480) 530-4723",(928) 293-7096,(602) 216-3942,(928) 515-6557,(480) 398-7647,(480) 530-4707,(480) 530-4717,(480) 530-4720,(480) 398-7658,(602) 698-1924,(602) 698-1926,(602) 216-3909,(480) 530-4719,(480) 398-7643,(480) 530-4724,"(623) 780-3026 - Primary
(602) 216-3939",(602) 216-3918,(480) 398-7649,(602) 216-3923,(602) 216-3929,(602) 535-4000,"(602) 513-8410 - Primary
(602) 535-4444",(602) 216-3906,(602) 216-3930,(602) 216-3922,(602) 216-3914,(602) 216-3932,(602) 216-3915,(602) 698-1923,(602) 216-3921,(480) 398-7642,(623) 516-8146,(602) 216-3902,(480) 398-7650,"(480) 398-7645 - Primary
(602) 535-4475",(480) 530-4730,(480) 530-4731,(480) 530-4710,(928) 769-7007,(928) 556-5125,(928) 556-5101,(480) 398-7657,(602) 216-3935,(602) 216-3927,(928) 635-7093,(480) 530-4729,(602) 216-3933,(602) 216-3903,(928) 770-7003,(602) 216-3941,"(480) 398-7641 - Primary
(602) 535-4293",(480) 398-7653,(480) 398-7656,(602) 216-3920,(480) 398-7654,(480) 398-7646,(602) 216-3924,(602) 216-3917,(602) 216-3925,(602) 216-3910,"(602) 698-1921 - Primary
(602) 535-4444",(623) 486-5012,(480) 530-4708,(602) 216-3908,(602) 216-3928,(602) 698-1925,(602) 216-3916,(480) 530-4716,(623) 582-1384,(602) 216-3901,(602) 216-3926,(602) 216-3938,(602) 698-1928
Address,"3096 South 4th Avenue, Yuma, Arizona 85364","3097 South 8th Avenue, Yuma, AZ 85364","11259 South Frontage Road #110, Yuma, AZ 85367","711 S. Watson Road, Buckeye,
 AZ 85326, United States","3155 Lakeview Plaza Lane,
 Prescott, Arizona 86301, United States","1102 N Higley Rd, Mesa, AZ 85205","2031 West Wickenburg Way, 
Wickenburg, Arizona 85390","1500 W Warner Rd, Gilbert, AZ 85233","1455 E Warner Rd, Gilbert, AZ 85296","3655 East Southern Avenue,
Mesa, Arizona 85206","8251 West Union Hills Drive, 
Glendale, AZ 85308","210 E Bell Rd, Phoenix, AZ 85022","2020 N 75th Ave, Suite 45, Phoenix, AZ 85035","13055 West Thunderbird Road, El Mirage, Arizona 85335","28255 North Tatum Boulevard #3, Cave Creek, AZ 85331","1036 E Southern Ave, Mesa, AZ 85204","19109 N.R.H. Johnson Blvd, Sun City West, AZ 85375, United States","1046 South Country Club Drive, Mesa, Arizona 85210, United States","10860 E. Guadalupe Road, Mesa, AZ 85209","4470 South White Mountain Road, Show Low, AZ 85901","166 Coffee Pot Drive, Sedona, AZ 86336","14202 North Scottsdale Road, Scottsdale, Arizona 85254","2441 N. Scottsdale Rd., Scottsdale, AZ 85257","582 E Piceno Dr, San Luis, AZ 85349","4570 S Higley Rd, Gilbert, AZ 85297 S Higley Rd, Gilbert, AZ 85297","7850 South Priest Drive, Tempe, AZ 85284","1029 N Arizona Ave, Chandler, AZ 85225","7620 AZ-69, Prescott Valley, AZ 86314","1029 N State Route 89, Chino Valley, AZ 86323","1211 N. Country Club Drive, Mesa, AZ 85201","3515 W Union Hills, Suite 110, Glendale AZ 85308, Glendale, AZ 85308","16531 W Bell Rd, Surprise, AZ 85388","5263 S. Power Rd, Mesa, AZ 85212","2665 North Power Road, Mesa, Arizona 85215, United States","2070 S. Power Rd, Mesa, AZ 85206","23425 North 39th Drive #101, Glendale, Arizona 85310","20 E White Mountain Blvd, Pinetop, AZ 85935","15433 West McDowell Road, Goodyear, Arizona 85395","400 E. Highway 260, Payson, AZ 85541","4837 E McDowell Rd, East Entrance, Phoenix, AZ 85008","701 S Milton Rd, Flagstaff, AZ 86001","725 W Indian School Rd, Phoenix, AZ 85013, United States","106 East McKellips Road, Mesa, Arizona 85201","1546 East Southern Avenue, Tempe, AZ 85282","20595 N. John Wayne Pkwy, #300, Maricopa, AZ 85139","2844 E Main St suite 104, Mesa, AZ 85213","6030 East Main Street, Suite 6120, Mesa, AZ 85205","390 North Litchfield Road, Goodyear, Arizona 85338","1990 McCulloch Blvd N, Lake Havasu City, AZ 86403, United States","575 West Warner Road, Tempe, Arizona 85284","3320 Stockton Hill Road ste e, Kingman, AZ 86409","19415 W Indian School Rd, Litchfield Park, AZ 85340","1375 Iron Springs Road, Prescott, Arizona 86305, United States","8053 East Raintree Drive, Scottsdale, Arizona 85260","805 East Guadalupe Road, Tempe, Arizona 85283","2039 W. Guadalupe Rd; Mesa, Az 85202, Mesa, AZ 85202","4412 East University Drive, Mesa, Arizona 85205","20831 N Scottsdale Rd, Scottsdale, AZ 85255","4005 N. 16th St, Phoenix, AZ 85016","16480 West Yuma Road, Goodyear, AZ 85338","13226 North 7th Street, Phoenix, Arizona 85022","13757 North Fountain Hills Boulevard, Fountain Hills, Arizona 85268, United States","8959 E Talking Stick Way, Scottsdale, AZ 85250","1290 North Scottsdale Road, Tempe, AZ 85281","710 E. Union Hills Dr, Phoenix, AZ 85024","17037 N 7th Ave, Phoenix, AZ 85023","2700 West Baseline Road, Tempe, Arizona 85283","5080 West Olive Avenue, Glendale, Arizona 85302, United States","3912 E. Camelback Rd, Phoenix, AZ 85018","2626 West Beryl Avenue, Phoenix, AZ 85021, United States","515 N 51st Ave, Phoenix, AZ 85043","3130 E Thomas Rd, Phoenix, AZ 85016","6161 West Bell Road, Glendale, Arizona 85306","20713 N. 83rd Ave, Peoria, AZ 85382","3202 East Greenway Road, Phoenix, Arizona 85032","14063 West Grand Avenue, Surprise, Arizona 85374","4147 W Thunderbird Rd, Phoenix, AZ 85053","1625 West Camelback Road #108, Phoenix, Arizona 85015","15190 North Cotton Lane, Surprise, Arizona 85388, United States","4949 West Ray Road, Chandler, Arizona 85226","1565 West Happy Valley Road, Phoenix, Arizona 85085, United States","310 W Van Buren St, Phoenix, AZ 85003","1900 E University Dr, Mesa, AZ 85203","2825 East Ocotillo Road, Chandler, Arizona 85249","1495 W Hunt Highway, San Tan Valley, AZ 85142","40445 N Gantzel Rd, San Tan Valley, AZ 85140","14702 N Frank Lloyd Wright Blvd
Scottsdale, AZ 85260","1478 Camino Colorado, Fort Mohave, AZ 86426","1416 East Rt. 66, Suite #2, Flagstaff, AZ 86001","4308 E Route 66, Flagstaff, AZ 86004","21437 South Ellsworth Road, Queen Creek, Arizona 85142, United States","5116 North Dysart Road, Litchfield Park, Arizona 85340","9201 N. 29th Ave, Phoenix, AZ 85051","1427 E Highway 89A, Suites A-B, Cottonwood, AZ 86326","1850 E Chandler Blvd, Chandler, AZ 85225","12043 N Reems Rd, Surprise, AZ 85379, United States","12010 North 32nd Street, Phoenix, Arizona 85032","2670 Arizona 95, Bullhead City, Arizona 86442","1515 E Bethany Home Rd, Ste. 160, Phoenix, AZ 85014","25410 South Arizona Avenue, Sun Lakes, Arizona 85248","185 West Apache Trail, Apache Junction, AZ 85120","10603 E. Apache Trail, Mesa, AZ 85120","43240 North Black Canyon Highway, Phoenix, Arizona 85087","930 North Alma School Road, Chandler, AZ 85224","2880 S. Alma School Rd, Suite #1, Chandler, AZ 85286","10005 West Camelback Road, Phoenix, Arizona 85037","2933 South 99th Avenue, Tolleson, Arizona 85353, United States","9000 West Northern Avenue, Glendale, Arizona 85305, United States","8517 NW Grand Ave, Peoria, AZ 85345","2929 North 75th Avenue, Phoenix, Arizona 85033","6750 West Peoria Avenue, Peoria, AZ 85345","6339 East Greenway Road Ste 114, Scottsdale, AZ 85254","4940 East Ray Road #50, Phoenix, AZ 85044","3901 East Thunderbird Road, Phoenix, Arizona 85032","3514 West Peoria Avenue, Phoenix, Arizona 85029","3636 West Southern Avenue, Phoenix, AZ 85041, United States","15633 South 32nd Street, Phoenix, AZ 85048, United States","34455 N. 27th Dr., Suite 102, Phoenix, AZ 85085","1980 W Baseline Rd, Suite 120, Phoenix, AZ 85041","18631 N. 19th Ave., Phoenix, AZ 85027","8679 West Ludlow Drive #5, Peoria, Arizona 85381","7443 W Glendale Ave, Glendale, AZ 85303"
Website,https://www.goodwillaz.org/location/yuma-southgate/?utm_source=local&utm_campaign=gbp&utm_medium=organic,https://www.goodwillaz.org/location/yuma/?utm_source=local&utm_medium=organic&utm_campaign=gbp,https://www.goodwillaz.org/location/yuma-fortuna/?utm_source=local&utm_medium=organic&utm_campaign=gbp,https://www.goodwillaz.org/location/yuma-watson/?utm_source=local&utm_medium=organic&utm_campaign=gbp,https://www.goodwillaz.org/location/willow-lake/,https://www.goodwillaz.org/location/brown-rd-higley-rd/?utm_source=local&utm_medium=organic&utm_campaign=gbp,https://www.goodwillaz.org/location/wickenburg-goodwill-store/?utm_source=local&utm_medium=organic&utm_campaign=gbp,https://www.goodwillaz.org/location/warner-mcqueen-road/?utm_source=local&utm_medium=organic&utm_campaign=gbp,https://www.goodwillaz.org/location/val-vista-warner/?utm_source=local&utm_medium=organic&utm_campaign=gbp,https://www.goodwillaz.org/location/val-vista-dr-southern-ave/?utm_source=local&utm_medium=organic&utm_campaign=gbp,https://www.goodwillaz.org/location/83rd-ave-union-hills/?utm_source=local&utm_medium=organic&utm_campaign=gbp,https://www.goodwillaz.org/location/3rd-st-bell/?utm_source=local&utm_medium=organic&utm_campaign=gbp,https://www.goodwillaz.org/location/75th-ave-mcdowell/?utm_source=local&utm_medium=organic&utm_campaign=gbp,https://www.goodwillaz.org/location/dysart-thunderbird/?utm_source=local&utm_medium=organic&utm_campaign=gbp,https://www.goodwillaz.org/location/tatum-dynamite/?utm_source=local&utm_medium=organic&utm_campaign=gmb,https://www.goodwillaz.org/location/southern-stapley/?utm_source=local&utm_medium=gbp&utm_campaign=Stapley,https://www.goodwillaz.org/location/sundome/?utm_source=local&utm_medium=organic&utm_campaign=gbp,https://www.goodwillaz.org/location/southern-ave-country-club/?utm_source=local&utm_medium=organic&utm_campaign=gbp,https://www.goodwillaz.org/location/signal-butte-guadalupe/?utm_source=local&utm_medium=organic&utm_campaign=gbp,https://www.goodwillaz.org/location/show-low/?utm_source=local&utm_medium=organic&utm_campaign=gbp,https://www.goodwillaz.org/location/sedona/?utm_source=local&utm_medium=organic&utm_campaign=gbp,https://www.goodwillaz.org/location/scottsdale-road-thunderbird/?utm_source=local&utm_medium=organic&utm_campaign=gbp,https://www.goodwillaz.org/location/scottsdale-oak/?utm_source=local&utm_medium=organic&utm_campaign=gbp,https://www.goodwillaz.org/location/san-luis/?utm_source=local&utm_medium=organic&utm_campaign=gbp,https://www.goodwillaz.org/location/queen-creek-higley/?utm_source=local&utm_medium=organic&utm_campaign=gbp,https://www.goodwillaz.org/location/priest-elliot/?utm_source=local&utm_medium=organic&utm_campaign=gbp,https://www.goodwillaz.org/location/arizona-ave-ray-rd/?utm_source=local&utm_medium=organic&utm_campaign=gbp,https://www.goodwillaz.org/location/prescott-valley/?utm_source=local&utm_medium=organic&utm_campaign=gbp,https://www.goodwillaz.org/location/chino-valley/?utm_source=local&utm_medium=organic&utm_campaign=gbp&utm_term=chinovalley,https://www.goodwillaz.org/location/country-club-brown/?utm_source=local&utm_medium=organic&utm_campaign=gbp,https://www.goodwillaz.org/location/35th-union-hills/?utm_source=local&utm_medium=gbpprofile&utm_campaign=35andunion,https://www.goodwillaz.org/location/303-bell-rd/?utm_source=organic&utm_medium=local&utm_campaign=gbp,https://www.goodwillaz.org/location/power-ray-road/?utm_source=local&utm_medium=organic&utm_campaign=gbp,https://www.goodwillaz.org/location/power-mcdowell/?utm_source=local&utm_medium=organic&utm_campaign=gbp,https://www.goodwillaz.org/location/power-baseline/?utm_source=local&utm_medium=organic&utm_campaign=gbp,https://www.goodwillaz.org/location/39th-pinnacle-peak/?utm_source=local&utm_medium=organic&utm_campaign=gbp,https://www.goodwillaz.org/?utm_source=local&utm_medium=gbpprofile+&utm_campaign=White+Mtn+Blvd+&+Yeager+Ln+Goodwill+of+Central+&+Northern+Arizona&utm_id=organic+,https://www.goodwillaz.org/location/pebble-creek/?utm_source=local&utm_medium=organic&utm_campaign=gbp,https://www.goodwillaz.org/grand-opening/?utm_source=local&utm_medium=organic&utm_campaign=gbp,https://www.goodwillaz.org/location/papago-career-center/,https://www.goodwillaz.org/location/milton/?utm_source=local&utm_medium=organic&utm_campaign=gbp,https://www.goodwillaz.org/location/7th-ave-indian-school-melrose/?utm_source=local&utm_medium=organic&utm_campaign=gbp,https://www.goodwillaz.org/location/mckellips/?utm_source=local&utm_medium=organic&utm_campaign=gbp,https://www.goodwillaz.org/location/mcclintock-dr-southern-ave/?utm_source=local&utm_medium=organic&utm_campaign=gbp,https://www.goodwillaz.org/location/maricopa/?utm_source=local&utm_medium=organic&utm_campaign=gbp,https://www.goodwillaz.org/?utm_source=local&utm_medium=gbp&utm_campaign=mainst-mesa&utm_id=organic,https://www.goodwillaz.org/location/buckhorn-main-recker/?utm_source=local&utm_medium=organic&utm_campaign=gbp,https://www.goodwillaz.org/location/litchfield-van-buren/?utm_source=local&utm_medium=organic&utm_campaign=gbp,https://www.goodwillaz.org/location/lake-havasu-city/?utm_source=local&utm_medium=organic&utm_campaign=gbp,https://www.goodwillaz.org/location/warner-kyrene/?utm_source=local&utm_medium=organic&utm_campaign=gbp,https://www.goodwillaz.org/location/stockton-hill-40/?utm_source=local&utm_medium=organic&utm_campaign=gbp,https://www.goodwillaz.org/location/jackrabbit/?utm_source=local&utm_medium=organic&utm_campaign=gbp,https://www.goodwillaz.org/location/iron-springs/?utm_source=local&utm_medium=organic&utm_campaign=gbp,https://www.goodwillaz.org/location/raintree-hayden/?utm_source=local&utm_medium=organic&utm_campaign=gbp,https://www.goodwillaz.org/location/guadalupe-rural/?utm_source=local&utm_medium=organic&utm_campaign=gbp,https://www.goodwillaz.org/location/guadalupe-road-dobson-road/?utm_source=local&utm_medium=organic&utm_campaign=gbp,https://www.goodwillaz.org/location/greenfield/?utm_source=local&utm_campaign=gbp&utm_medium=organic,https://www.goodwillaz.org/location/grayhawk/?utm_source=local&utm_medium=organic&utm_campaign=gbp,https://www.goodwillaz.org/location/16th-st-indian-school-road/?utm_source=local&utm_medium=organic&utm_campaign=gbp,https://www.goodwillaz.org/location/yuma-sarival/?utm_source=local&utm_medium=organic&utm_campaign=gbp,https://www.goodwillaz.org/location/7th-st-thunderbird/?utm_source=local&utm_medium=organic&utm_campaign=gbp,https://www.goodwillaz.org/location/fountain-hills/?utm_source=local&utm_medium=organic&utm_campaign=gbp,https://www.goodwillaz.org/location/indian-bend-pavilions-at-talking-stick/?utm_source=local&utm_medium=organic&utm_campaign=gbp,https://www.goodwillaz.org/location/weber-dr-scottsdale-road/?utm_source=local&utm_campaign=gbp&utm_medium=organic,https://www.goodwillaz.org/location/7th-st-union-hills-dr/?utm_source=local&utm_medium=organic&utm_campaign=gbp,https://www.goodwillaz.org/location/7th-ave-bell/?utm_source=local&utm_medium=organic&utm_campaign=gbp,https://www.goodwillaz.org/location/48th-st-and-baseline/?utm_source=local&utm_medium=organic&utm_campaign=gbp,https://www.goodwillaz.org/location/olive-51st-ave/?utm_source=local&utm_medium=organic&utm_campaign=gbp,https://www.goodwillaz.org/location/40th-st-camelback/?utm_source=local&utm_medium=organic&utm_campaign=gbp,https://www.goodwillaz.org/contact/?utm_source=local&utm_medium=organic&utm_campaign=gbp,https://www.goodwillaz.org/location/51st-ave-van-buren/?utm_source=local&utm_medium=organic&utm_campaign=gbp,https://www.goodwillaz.org/location/32nd-st-thomas-road/?utm_source=local&utm_medium=organic&utm_campaign=gbp,https://www.goodwillaz.org/location/61st-ave-bell-road/?utm_source=local&utm_medium=organic&utm_campaign=gbp,https://www.goodwillaz.org/location/lake-pleasant-83rd-ave/?utm_source=local&utm_medium=organic&utm_campaign=gbp,https://www.goodwillaz.org/location/32nd-st-greenway-road/?utm_source=local&utm_medium=organic&utm_campaign=gbp,https://www.goodwillaz.org/location/grand-ave-mountain-view/?utm_source=local&utm_medium=organic&utm_campaign=gbp,https://www.goodwillaz.org/location/43rd-ave-thunderbird/?utm_source=local&utm_medium=organic&utm_campaign=gbp,https://www.goodwillaz.org/location/17th-ave-camelback/?utm_source=local&utm_medium=organic&utm_campaign=gbp,https://www.goodwillaz.org/location/cotton-greenway/?utm_source=local&utm_medium=organic&utm_campaign=gbp,https://www.goodwillaz.org/location/ray-rural/,https://www.goodwillaz.org/location/16th-ave-happy-valley-road/?utm_source=local&utm_medium=organic&utm_campaign=gbp,https://www.goodwillaz.org/?utm_source=local&utm_medium=gbpprofile&utm_campaign=goodwill_vanburen&utm_id=organic,https://www.goodwillaz.org/location/gilbert-road-university-drive/?utm_source=local&utm_medium=organic&utm_campaign=gbp,http://www.goodwillaz.org/?utm_source=local&utm_medium=organic&utm_campaign=gbp,https://www.goodwillaz.org/location/gary/?utm_source=local&utm_medium=organic&utm_campaign=gbp,https://www.goodwillaz.org/location/gantzel/?utm_source=local&utm_medium=organic&utm_campaign=gbp,https://www.goodwillaz.org/location/frank-lloyd-wright-blvd/?utm_source=local&utm_medium=organic&utm_campaign=gbp,https://www.goodwillaz.org/location/fort-mohave/?utm_source=local&utm_medium=organic&utm_campaign=gbp,https://www.goodwillaz.org/location/route-66-switzer-canyon-dr/?utm_source=local&utm_medium=organic&utm_campaign=gbp,https://www.goodwillaz.org/location/flagstaff/?utm_source=local&utm_medium=organic&utm_campaign=gbp,https://www.goodwillaz.org/location/ellsworth-rittenhouse?utm_source=local&utm_medium=organic&utm_campaign=gbp,https://www.goodwillaz.org/location/dysart-camelback/?utm_source=local&utm_medium=organic&utm_campaign=gbp,https://www.goodwillaz.org/location/dunlap-i17/?utm_source=local&utm_medium=organic&utm_campaign=gbp,https://www.goodwillaz.org/location/cottonwood/?utm_source=local&utm_medium=organic&utm_campaign=gbp,https://www.goodwillaz.org/location/cooper-rd/?utm_source=local&utm_medium=organic&utm_campaign=gbp,https://www.goodwillaz.org/location/cactus-reems/?utm_source=local&utm_medium=organic&utm_campaign=gbp,https://www.goodwillaz.org/location/32nd-st-cactus/?utm_source=local&utm_medium=organic&utm_campaign=gbp,https://www.goodwillaz.org/location/bullhead-city/?utm_source=local&utm_medium=organic&utm_campaign=gbp,https://www.goodwillaz.org/?utm_source=local&utm_medium=organic&utm_campaign=gbp,https://www.goodwillaz.org/location/arizona-ave-riggs/?utm_source=local&utm_medium=organic&utm_campaign=gbp,https://www.goodwillaz.org/location/apache-junction-2/?utm_source=local&utm_medium=organic&utm_campaign=gbp,https://www.goodwillaz.org/location/apache-junction/?utm_source=local&utm_medium=organic&utm_campaign=gbp,https://www.goodwillaz.org/location/anthem/?utm_source=local&utm_medium=organic&utm_campaign=gbp,https://www.goodwillaz.org/location/alma-school-ray-road/?utm_source=local&utm_medium=organic&utm_campaign=gbp,https://www.goodwillaz.org/location/alma-school-queen-creek/?utm_source=local&utm_medium=organic&utm_campaign=gbp,https://www.goodwillaz.org/location/now-open-99th-ave-camelback/?utm_source=local&utm_medium=organic&utm_campaign=gmb,https://www.goodwillaz.org/location/99th-ave-and-lower-buckeye/?utm_source=local&utm_medium=organic&utm_campaign=gbp,https://www.goodwillaz.org/location/91st-ave-northern/?utm_source=local&utm_medium=organic&utm_campaign=gbp,https://www.goodwillaz.org/location/85th-ave-grand-ave/?utm_source=local&utm_medium=organic&utm_campaign=gbp,https://www.goodwillaz.org/location/75th-ave-thomas/?utm_source=local&utm_medium=organic&utm_campaign=gbp,https://www.goodwillaz.org/location/67th-ave-and-peoria/?utm_source=local&utm_medium=organic&utm_campaign=gbp,https://www.goodwillaz.org/location/64th-greenway/?utm_source=local&utm_medium=organic&utm_campaign=gbp,https://www.goodwillaz.org/location/48th-st-ray-road/?utm_source=local&utm_medium=organic&utm_campaign=gbp,https://www.goodwillaz.org/location/40th-st-thunderbird-road/?utm_source=local&utm_medium=organic&utm_campaign=gbp,https://www.goodwillaz.org/location/35th-ave-peoria/?utm_source=local&utm_medium=organic&utm_campaign=gbp,https://www.goodwillaz.org/location/35th-ave-southern/?utm_source=local&utm_medium=organic&utm_campaign=gbp,https://www.goodwillaz.org/location/32nd-st-chandler-blvd/?utm_source=local&utm_medium=organic&utm_campaign=gbp,https://www.goodwillaz.org/location/27th-drive-carefree-highway/?utm_source=local&utm_medium=organic&utm_campaign=gbp,https://www.goodwillaz.org/location/19th-ave-baseline/?utm_source=local&utm_medium=organic&utm_campaign=gbp,https://www.goodwillaz.org/location/19th-union-hills/?utm_source=local&utm_medium=organic&utm_campaign=gbp,https://www.goodwillaz.org/location/101-thunderbird/?utm_source=local&utm_medium=organic&utm_campaign=gbp,https://www.goodwillaz.org/location/75th-ave-glendale/?utm_source=local&utm_medium=organic&utm_campaign=gbp
"Hours
Confirm these are still the most current hours by referencing their website.",Sun-Sat 9 A.M. - 9P.M.,Mon-Thurs 9 A.M - 4 P.M. ,Sun-Sat 9 A.M. - 9P.M.,Sun-Sat 9 A.M. - 9P.M.,Sun-Sat 9 A.M. - 9P.M.,Sun-Sat 9 A.M. - 9P.M.,Sun-Sat 9 A.M. - 9P.M.,Sun-Sat 9 A.M. - 9P.M.,Sun-Sat 9 A.M. - 9P.M.,Sun-Sat 9 A.M. - 9P.M.,Sun-Sat 9 A.M. - 6 P.M. ,Sun-Sat 9 A.M. - 9P.M.,Sun-Sat 9 A.M. - 9P.M.,Sun-Sat 9 A.M. - 9P.M.,Sun-Sat 9 A.M. - 6 P.M.,Sun-Sat 9 A.M. - 9P.M.,Sun-Sat 9 A.M. - 9P.M.,Sun-Sat 9 A.M. - 9 P.M.,Sun-Sat 9 A.M. - 9 P.M.,Sun-Sat 9 A.M. - 9 P.M.,Sun-Sat 9 A.M. - 9 P.M.,Sun-Sat 9 A.M. - 9 P.M.,Sun-Sat 9 A.M. - 9 P.M.,Sun-Sat 9 A.M. - 9 P.M.,Sun-Sat 9 A.M. - 9 P.M.,Sun-Sat 9 A.M. - 9 P.M.,Sun-Sat 9 A.M. - 9 P.M.,Sun-Sat 9 A.M. - 9 P.M.,Sun-Sat 10 AM -  6 PM,Sun-Sat 9 A.M. - 9 P.M.,Sun-Sat 9 A.M. - 9 P.M.,Sun-Sat 9 A.M. - 9 P.M.,Sun-Sat 9 A.M. - 9 P.M.,Sun-Sat 9 A.M. - 9 P.M.,Sun-Sat 9 A.M. - 9 P.M.,Sun-Sat 9 A.M. - 9 P.M.,Sun-Sat 9 A.M. - 9 P.M.,Sun-Sat 9 A.M. - 9 P.M.,Sun-Sat 9 A.M. - 9 P.M.,Temporarily closed,Sun-10 A.M - 9 P.M & Mon-Sat 9 A.M. - 9 P.M.,Sun-Sat 9 A.M. - 9 P.M.,Sun-Sat 9 A.M. - 9 P.M.,Sun-Sat 9 A.M. - 9 P.M.,Sun-Sat 9 A.M. - 9 P.M.,Sun-Sat 9 A.M. - 9 P.M.,Sun-Sat 9 A.M. - 9 P.M.,Sun-Sat 9 A.M. - 9 P.M.,Sun-Sat 9 A.M. - 9 P.M.,Sun-Sat 9 A.M. - 9 P.M.,Sun-Sat 9 A.M. - 9 P.M.,Sun-Sat 9 A.M. - 9 P.M.,Sun-Sat 9 A.M. - 9 P.M.,Sun-Sat 9 A.M. - 9 P.M.,Sun-Sat 9 A.M. - 9 P.M.,Sun-Sat 9 A.M. - 9 P.M.,Sun-Sat 9 A.M. - 9 P.M.,Sun-Sat 7 A.M. - 7 P.M.,Sun-Sat 9 A.M. - 9 P.M.,Sun-Sat 9 A.M. - 9 P.M.,Sun-Sat 9 A.M. - 9 P.M.,Sun-Sat 9 A.M. - 9 P.M.,Sun-Sat 9 A.M. - 9 P.M.,Sun-Sat 9 A.M. - 9 P.M.,Sun-Sat 9 A.M. - 9 P.M.,Sun-Sat 9 A.M. - 9 P.M.,Sun-Sat 9 A.M. - 9 P.M.,Sun-Sat 9 A.M. - 9 P.M.,Sun-Sat 9 A.M. - 6 P.M.,Sun-Sat 9 A.M. - 4 P.M.,Sun - Sat7 A.M - 7 P.M.,Sun-Sat 9 A.M. - 9 P.M.,Sun-Sat 9 A.M. - 9 P.M.,Sun-Sat 9 A.M. - 9 P.M.,Sun-Sat 9 A.M. - 9 P.M.,Sun-Sat 9 A.M. - 9 P.M.,Sun-Sat 9 A.M. - 9 P.M.,Sun-Sat 9 A.M. - 9 P.M.,Sun-Sat 9 A.M. - 9 P.M.,Sun-Sat 9 A.M. - 9 P.M.,Sun-Sat 9 A.M. - 9 P.M.,Sun-Sat 9 A.M. - 9 P.M.,Sun-Sat 9 A.M. - 9 P.M.,Sun-Sat 9 A.M. - 9 P.M.,Sun-Sat 9 A.M. - 9 P.M.,Sun-Sat 9 A.M. - 9 P.M.,Sun-Sat 9 A.M. - 6 P.M.,Sun-Sat 9 A.M. - 9 P.M.,Sun-Sat 9 A.M. - 9 P.M.,Sun-Sat 9 A.M. - 9 P.M.,Sun-Sat 9 A.M. - 9 P.M.,Sun-Sat 9 A.M. - 9 P.M.,Sun-Sat 9 A.M. - 9 P.M.,Sun-Sat 9 A.M. - 9 P.M.,Sun-Sat 9 A.M. - 9 P.M.,Sun-Sat 9 A.M. - 9 P.M.,Sun-Sat 9 A.M. - 9 P.M.,Sun-Sat 9 A.M. - 9 P.M.,Sun-Sat 9 A.M. - 9 P.M.,Sun-Sat 9 A.M. - 9 P.M.,Sun-Sat 9 A.M. - 9 P.M.,Sun-Sat 9 A.M. - 9 P.M.,Sun-Sat 9 A.M. - 9 P.M.,Sun-Sat 9 A.M. - 9 P.M.,Sun-Sat 9 A.M. - 9 P.M.,Sun-Sat 9 A.M. - 9 P.M.,Sun -Sat 9 A.M. - 9 P.M.,Sun-Sat 9 A.M. - 9 P.M.,Sun-Sat 9 A.M. - 9 P.M.,Sun-Sat 9 A.M. - 9 P.M.,Sun-Sat 9 A.M. - 9 P.M.,Sun-Sat 9 A.M. - 6 P.M.,Sun-Sat 9 A.M. - 9 P.M.,Sun-Sat 9 A.M. - 9 P.M.,Sun-Sat 9 A.M. - 9 P.M.,Sun-Sat 9 A.M. - 9 P.M.,Sun-Sat 9 A.M. - 9 P.M.,Sun-Sat 9 A.M - 6 P.M ,Sun-Sat 9 A.M. - 9 P.M.,Sun-Sat 9 A.M. - 9 P.M.,Sun-Sat 9 A.M. - 9 P.M.,Sun-Sat 9 A.M. - 9 P.M.
"Photos
When was the last photo uploaded by owner? New photos should be added to the appropriate category at least 1x per quarter. If the date listed here is more than 3 months ago, reach out to the AE for new pictures and document this convo.",N/A,N/A,N/A,N/A,N/A,N/A,N/A,N/A,N/A,N/A,N/A,N/A,N/A,N/A,N/A,N/A,N/A,N/A,N/A,N/A,N/A,N/A,N/A,N/A,N/A,N/A,N/A,N/A,N/A,N/A,N/A,N/A,N/A,N/A,N/A,N/A,N/A,N/A,N/A,N/A,N/A,N/A,N/A,N/A,N/A,N/A,N/A,N/A,N/A,N/A,N/A,N/A,N/A,N/A,N/A,N/A,N/A,N/A,N/A,N/A,N/A,N/A,N/A,N/A,N/A,N/A,N/A,N/A,N/A,N/A,N/A,N/A,N/A,N/A,N/A,N/A,N/A,N/A,N/A,N/A,N/A,N/A,N/A,N/A,N/A,N/A,N/A,N/A,N/A,N/A,N/A,N/A,N/A,N/A,N/A,N/A,N/A,N/A,N/A,N/A,N/A,N/A,N/A,N/A,N/A,N/A,N/A,N/A,N/A,N/A,N/A,N/A,N/A,N/A,N/A,N/A,N/A,N/A,N/A,N/A,N/A,N/A
"Menu
If this is a restaurant, cross-check a few of their menu items against their website to ensure pricing still looks accurate.",N/A,N/A,N/A,N/A,N/A,N/A,N/A,N/A,N/A,N/A,N/A,N/A,N/A,N/A,N/A,N/A,N/A,N/A,N/A,N/A,N/A,N/A,N/A,N/A,N/A,N/A,N/A,N/A,N/A,N/A,N/A,N/A,N/A,N/A,N/A,N/A,N/A,N/A,N/A,N/A,N/A,N/A,N/A,N/A,N/A,N/A,N/A,N/A,N/A,N/A,N/A,N/A,N/A,N/A,N/A,N/A,N/A,N/A,N/A,N/A,N/A,N/A,N/A,N/A,N/A,N/A,N/A,N/A,N/A,N/A,N/A,N/A,N/A,N/A,N/A,N/A,N/A,N/A,N/A,N/A,N/A,N/A,N/A,N/A,N/A,N/A,N/A,N/A,N/A,N/A,N/A,N/A,N/A,N/A,N/A,N/A,N/A,N/A,N/A,N/A,N/A,N/A,N/A,N/A,N/A,N/A,N/A,N/A,N/A,N/A,N/A,N/A,N/A,N/A,N/A,N/A,N/A,N/A,N/A,N/A,N/A,N/A
"Rating & Reviews 
Write down the current star rating and review count. Send any noteworthy reviews that need a response to the AE.","4.0 Stars, 450 Reviews ","3.6 Stars, 12 reviews ","4.0 Stars, 380 Reviews","3.9 Stars, 559 Reviews","3.9 Stars, 49 Reviews ","2.1, 8 Reviews","4.1 Stars, 219 Reviews","3.9 Stars, 427 Reviews","3.6 Stars, 118 Reviews","3.8 Stars, 426 Reviews ","3.5 Stars, 68 Reviews","3.6 Stars, 28 Reviews","4.3 Stars, 28 Reviews","4.0 Stars, 478 Reviews","3.6 Stars, 37 Reviews","3.0 Stars, 29 Reviews","4.1 Stars, 392 Reviews","3.7 Stars, 676 Reviews","4.0 Stars, 190 Reviews","3.8 Stars, 571 Reviews","3.7 Stars, 175 Reviews","3.9 Stars, 427 Reviews","3.8 Stars, 358 Reviews","3.9 Stars, 149 Reviews","4.1 Stars, 665 Reviews","4.2 Stars, 421 Reviews","3.5 Stars, 30 Reviews","3.9 Stars, 592 Reviews","2.2 Stars, 5 Reviews","2.4 Stars, 10 Reviews","3.6 Stars, 20 Reviews","2.1 Stars, 22 Reviews","4.0 Stars, 408 Reviews","4.0 Stars, 531 Reviews","4.0 Stars, 584 Reviews","4.1 Stars, 375 Reviews","3.2 Stars, 15 Reviews","3.9 Stars, 419 Reviews","3.9 Stars, 360 Reviews","2.0 Stars, 2 Reviews","3.7 Stars, 123 Reviews","3.8 Stars, 597 Reviews","3.8 Stars, 406 Reviews","3.8 Stars, 504 Reviews","3.9 Stars, 366 Reviews","3.4 Stars, 44 Reviews","4.0 Stars, 499 Reviews","3.9 Stars, 533 Reviews","4.1 Stars, 343 Reviews","4.1 Stars, 354 Reviews","3.9 Stars, 397 Reviews","3.3 Stars, 89 Reviews","3.9 Stars, 428 Reviews","4.1 Stars, 499 Reviews","4.0 Stars, 352 Reviews","4.0 Stars, 739 Reviews","3.8 Stars, 331 Reviews","3.6 Stars, 39 Reviews","3.9 Stars, 881 Reviews","4.0 Stars, 206 Reviews","4.0 Stars, 597 Reviews","4.0 Stars, 262 Reviews","3.8 Stars, 367 Reviews","4.0 Stars, 642 Reviews","3.9 Stars, 548 Reviews","3.9 Stars, 489 Reviews","3.8 Stars, 366 Reviews","4.0 Stars, 439 Reviews","4.1 Stars, 102 Reviews","2.9 Stars, 71 Reviews","3.4 Stars, 407 Reviews","3.8 Stars, 450 Reviews","3.9 Stars, 639 Reviews","4.0 Stars, 581 Reviews","3.9 Stars, 368 Reviews","4.1 Stars, 460 Reviews","3.9 Stars, 409 Reviews","3.8 Stars, 540 Reviews","4.0 Stars, 428 Reviews","4.2 Stars, 372 Reviews","4.1 Stars, 534 Reviews","3.7 Stars, 44 Reviews","4.1 Stars, 397 Reviews","4.1 Stars, 325 Reviews","3.8 Stars, 195 Reviews","3.9 Stars, 51 Reviews","4.3 Stars, 50 Reviews","4.1 Stars, 147 Reviews","3.6 Stars, 66 Reviews","4.0 Stars, 320 Reviews","3.7 Stars, 326 Reviews","4.1 Stars, 424 Reviews","4.0 Stars, 453 Reviews","3.9 Stars, 155 Reviews","2.7 Stars, 63 Reviews","3.8 Stars, 123 Reviews","4.0 Stars, 489 Reviews","3.9 Stars, 354 Reviews","4.1 Stars, 66 Reviews","4.1 Stars, 466 Reviews","4.0 Stars, 427 Reviews","3.8 Stars, 456 Reviews","4.2 Stars, 391 Reviews","3.9 Stars, 302 Reviews","3.9 Stars, 202 Reviews","4.0 Stars, 526 Reviews","4.1 Stars, 639 Reviews","4.1 Stars, 534 Reviews","3.9 Stars, 588 Reviews","3.8 Stars, 298 Reviews","3.9 Stars, 306 Reviews","2.5 Stars, 13 Reviews","3.9 Stars, 463 Reviews","3.9 Stars, 412 Reviews","3.8 Stars, 397 Reviews","3.9 Stars, 437 Reviews","4.1 Stars, 326 Reviews","4.2 Stars, 37 Reviews","3.9 Stars, 208 Reviews","3.9 Stars, 318 Reviews","3.9 Stars, 408 Reviews","3.3 Stars, 20 Reviews"
"Maintenance Completed
Audit the remaining elements of the listing, paying close attention to any new features or any changes made by the public or Google. Write down any specific things you changed/added/updated this month.",2 GBP posts per month ,2 GBP posts per month ,2 GBP posts per month ,2 GBP posts per month ,2 GBP posts per month ,2 GBP posts per month ,2 GBP posts per month ,2 GBP posts per month ,2 GBP posts per month ,2 GBP posts per month ,2 GBP posts per month ,2 GBP posts per month ,2 GBP posts per month ,2 GBP posts per month ,2 GBP posts per month ,2 GBP posts per month ,2 GBP posts per month ,2 GBP posts per month ,2 GBP posts per month ,2 GBP posts per month ,2 GBP posts per month ,2 GBP posts per month ,2 GBP posts per month ,2 GBP posts per month ,2 GBP posts per month ,2 GBP posts per month ,2 GBP posts per month ,2 GBP posts per month ,2 GBP posts per month ,2 GBP posts per month ,2 GBP posts per month ,2 GBP posts per month ,2 GBP posts per month ,2 GBP posts per month ,2 GBP posts per month ,2 GBP posts per month ,2 GBP posts per month ,2 GBP posts per month ,2 GBP posts per month ,2 GBP posts per month ,2 GBP posts per month ,2 GBP posts per month ,2 GBP posts per month ,2 GBP posts per month ,2 GBP posts per month ,2 GBP posts per month ,2 GBP posts per month ,2 GBP posts per month ,2 GBP posts per month ,2 GBP posts per month ,2 GBP posts per month ,2 GBP posts per month ,2 GBP posts per month ,2 GBP posts per month ,2 GBP posts per month ,2 GBP posts per month ,2 GBP posts per month ,2 GBP posts per month ,2 GBP posts per month ,2 GBP posts per month ,2 GBP posts per month ,2 GBP posts per month ,2 GBP posts per month ,2 GBP posts per month ,2 GBP posts per month ,2 GBP posts per month ,2 GBP posts per month ,2 GBP posts per month ,2 GBP posts per month ,2 GBP posts per month ,2 GBP posts per month ,2 GBP posts per month ,2 GBP posts per month ,2 GBP posts per month ,2 GBP posts per month ,2 GBP posts per month ,2 GBP posts per month ,2 GBP posts per month ,2 GBP posts per month ,2 GBP posts per month ,2 GBP posts per month ,2 GBP posts per month ,2 GBP posts per month ,2 GBP posts per month ,2 GBP posts per month ,2 GBP posts per month ,2 GBP posts per month ,2 GBP posts per month ,2 GBP posts per month ,2 GBP posts per month ,2 GBP posts per month ,2 GBP posts per month ,2 GBP posts per month ,2 GBP posts per month ,2 GBP posts per month ,2 GBP posts per month ,2 GBP posts per month ,2 GBP posts per month ,2 GBP posts per month ,2 GBP posts per month ,2 GBP posts per month ,2 GBP posts per month ,2 GBP posts per month ,2 GBP posts per month ,2 GBP posts per month ,2 GBP posts per month ,2 GBP posts per month ,2 GBP posts per month ,2 GBP posts per month ,2 GBP posts per month ,2 GBP posts per month ,2 GBP posts per month ,2 GBP posts per month ,2 GBP posts per month ,2 GBP posts per month ,2 GBP posts per month ,2 GBP posts per month ,2 GBP posts per month ,2 GBP posts per month ,2 GBP posts per month ,2 GBP posts per month ,2 GBP posts per month 
Done?,TRUE,TRUE,TRUE,TRUE,TRUE,TRUE,TRUE,TRUE,TRUE,TRUE,TRUE,TRUE,TRUE,TRUE,TRUE,TRUE,TRUE,TRUE,TRUE,TRUE,TRUE,TRUE,TRUE,TRUE,TRUE,TRUE,TRUE,TRUE,TRUE,TRUE,TRUE,TRUE,TRUE,TRUE,TRUE,TRUE,TRUE,TRUE,TRUE,TRUE,TRUE,TRUE,TRUE,TRUE,TRUE,TRUE,TRUE,TRUE,TRUE,TRUE,TRUE,TRUE,TRUE,TRUE,TRUE,TRUE,TRUE,TRUE,TRUE,TRUE,TRUE,TRUE,TRUE,TRUE,TRUE,TRUE,TRUE,TRUE,TRUE,TRUE,TRUE,TRUE,TRUE,TRUE,TRUE,TRUE,TRUE,TRUE,TRUE,TRUE,TRUE,TRUE,FALSE,FALSE,FALSE,FALSE,FALSE,FALSE,FALSE,FALSE,FALSE,FALSE,TRUE,FALSE,FALSE,FALSE,FALSE,FALSE,FALSE,FALSE,FALSE,FALSE,FALSE,FALSE,FALSE,FALSE,FALSE,FALSE,FALSE,FALSE,FALSE,FALSE,FALSE,FALSE,FALSE,FALSE,FALSE,FALSE,FALSE,FALSE,FALSE,FALSE
SOW,"Posting every other week, monthly profile review, & quarterly photo uploads for 115 locations Monthly profile review for 115 locations
",,,,,,,,,,,,,,,,,,,,,,,,,,,,,,,,,,,,,,,,,,,,,,,,,,,,,,,,,,,,,,,,,,,,,,,,,,,,,,,,,,,,,,,,,,,,,,,,,,,,,,,,,,,,,,,,,,,,,,,,,